<?xml version="1.0"?>

<!DOCTYPE hibernate-mapping PUBLIC
    "-//Hibernate/Hibernate Mapping DTD 2.0//EN" 
    "http://hibernate.sourceforge.net/hibernate-mapping-3.0.dtd">

<hibernate-mapping default-lazy="false">
    <class
        name="edu.common.dynamicextensions.domain.AttributeRecord"
        table="DYEXTN_ATTRIBUTE_RECORD"
        dynamic-update="false"
        dynamic-insert="false"
    >

        <id
            name="id"
            column="IDENTIFIER"
            type="long"
            length="30"
            unsaved-value="null"
        >
            <generator class="native">
                <param name="sequence">DE_ATTR_REC_SEQ</param>
            </generator>
        </id>

        <many-to-one
            name="entity"
            class="edu.common.dynamicextensions.domain.Entity"
            cascade="none"
            outer-join="auto"
            update="true"
            insert="true"
            column="ENTITY_ID"
        />

        <many-to-one
            name="attribute"
            class="edu.common.dynamicextensions.domain.Attribute"
            cascade="none"
            outer-join="auto"
            update="true"
            insert="true"
            column="ATTRIBUTE_ID"
        />

        <property
            name="recordId"
            type="java.lang.Long"
            update="true"
            insert="true"
            column="RECORD_ID"
        />

        <set
            name="valueCollection"
            table="DE_COLL_ATTR_RECORD_VALUES"
            lazy="false"
            inverse="false"
            cascade="all-delete-orphan"
            sort="unsorted"
        >
            <cache 
                usage="read-write" 
             />

              <key
                  column="COLLECTION_ATTR_RECORD_ID"
              />

              <one-to-many
                  class="edu.common.dynamicextensions.domain.CollectionAttributeRecordValue"
              />
        </set>

        <set
            name="fileRecordCollection"
            table="DE_FILE_ATTR_RECORD_VALUES"
            lazy="false"
            inverse="false"
            cascade="all-delete-orphan"
            sort="unsorted"
        >
            <cache 
                usage="read-write" 
             />

              <key
                  column="RECORD_ID"
              />

              <one-to-many
                  class="edu.common.dynamicextensions.domain.FileAttributeRecordValue"
              />
        </set>

        <set
            name="objectRecordCollection"
            table="DE_OBJECT_ATTR_RECORD_VALUES"
            lazy="false"
            inverse="false"
            cascade="all-delete-orphan"
            sort="unsorted"
        >
            <cache 
                usage="read-write" 
             />

              <key
                  column="RECORD_ID"
              />

              <one-to-many
                  class="edu.common.dynamicextensions.domain.ObjectAttributeRecordValue"
              />
        </set>

        <!--
            To add non XDoclet property mappings, create a file named
                hibernate-properties-AttributeRecord.xml
            containing the additional properties and place it in your merge dir.
        -->

    </class>

</hibernate-mapping>
