<?xml version="1.0"?>

<!DOCTYPE hibernate-mapping PUBLIC
    "-//Hibernate/Hibernate Mapping DTD 2.0//EN" 
    "http://hibernate.sourceforge.net/hibernate-mapping-3.0.dtd">

<hibernate-mapping default-lazy="false">
    <class
        name="edu.common.dynamicextensions.domain.DataElement"
        table="DYEXTN_DATA_ELEMENT"
        dynamic-update="false"
        dynamic-insert="false"
    >

        <id
            name="id"
            column="IDENTIFIER"
            type="long"
            length="30"
            unsaved-value="null"
        >
            <generator class="native">
                <param name="sequence">DYEXTN_DATA_ELEMENT_SEQ</param>
            </generator>
        </id>

        <!--
            To add non XDoclet property mappings, create a file named
                hibernate-properties-DataElement.xml
            containing the additional properties and place it in your merge dir.
        -->

        <joined-subclass
            name="edu.common.dynamicextensions.domain.UserDefinedDE"
            table="DYEXTN_USERDEFINED_DE"
            dynamic-update="false"
            dynamic-insert="false"
        >
        <key
            column="IDENTIFIER"
        />

        <set
            name="permissibleValueCollection"
            table="DYEXTN_USERDEF_DE_VALUE_REL"
            lazy="false"
            inverse="false"
            cascade="all-delete-orphan"
            sort="unsorted"
        >
            <cache 
                usage="read-write" 
             />

              <key
                  column="USER_DEF_DE_ID"
              />

              <many-to-many
                  class="edu.common.dynamicextensions.domain.PermissibleValue"
                  column="PERMISSIBLE_VALUE_ID"
                  outer-join="auto"
              />

        </set>

        <property
            name="isOrdered"
            type="boolean"
            update="true"
            insert="true"
            column="IS_ORDERED"
        />

        </joined-subclass>
        <joined-subclass
            name="edu.common.dynamicextensions.domain.CaDSRDE"
            table="DYEXTN_CADSRDE"
            dynamic-update="false"
            dynamic-insert="false"
        >
        <key
            column="IDENTIFIER"
        />
        <property
            name="publicId"
            type="string"
            update="true"
            insert="true"
            column="PUBLIC_ID"
        />

        </joined-subclass>

    </class>

</hibernate-mapping>
