<?xml version="1.0" encoding="UTF-8"?>
<DEDBUtility>
	<dbType type="ORACLE">
		<QueryBuilder className="edu.common.dynamicextensions.entitymanager.DynamicExtensionOracleQueryBuilder"/>
		<DBUtil className="edu.common.dynamicextensions.dao.impl.DEOracleUtility"/>
		<DataTypeMappingFile fileName="PrimitiveAttributeDataTypes_ORACLE.xml"/>
	</dbType> 
	<dbType type="MYSQL">
		<QueryBuilder className="edu.common.dynamicextensions.entitymanager.DynamicExtensionMySQLQueryBuilder"/>
		<DBUtil className="edu.common.dynamicextensions.dao.impl.DEMysqlUtility"/>
		<DataTypeMappingFile fileName="PrimitiveAttributeDataTypes_MYSQL.xml"/>
	</dbType>
	<dbType type="MSSQLSERVER">
		<QueryBuilder className="edu.common.dynamicextensions.entitymanager.DynamicExtensionMsSQLServerQueryBuilder"/>
		<DBUtil className="edu.common.dynamicextensions.dao.impl.DEMssqlServerUtility"/>
		<DataTypeMappingFile fileName="PrimitiveAttributeDataTypes_MSSQLSERVER.xml"/>
	</dbType>
	<dbType type="DB2">
		<QueryBuilder className="edu.common.dynamicextensions.entitymanager.DynamicExtensionDb2QueryBuilder"/>
		<DBUtil className="edu.common.dynamicextensions.dao.impl.DEDB2Utility"/>
		<DataTypeMappingFile fileName="PrimitiveAttributeDataTypes_DB2.xml"/>
	</dbType>
	<dbType type="POSTGRESQL">
		<QueryBuilder className="edu.common.dynamicextensions.entitymanager.DynamicExtensionPostGreSQLQueryBuilder"/>
		<DBUtil className="edu.common.dynamicextensions.dao.impl.DEPostgresqlUtility"/>
		<DataTypeMappingFile fileName="PrimitiveAttributeDataTypes_POSTGRESQL.xml"/>
	</dbType>
</DEDBUtility>