<?xml version="1.0" encoding="UTF-8"?>

	<JDBCProperties>

		<Class-name name = "edu.wustl.dao.OracleDAOImpl"/>
		<DatabaseType name = "ORACLE"/>
		<DefaultBatchSize value = "5"/>
		<DataSource name = ""/>
		<JDBCConnectionManager name = "edu.wustl.dao.connectionmanager.ConnectionManager"/>
		<DatePattern name = "mm-dd-yyyy"/>
		<TimePattern name = "hh-mi-ss"/>
		<DateFormatFunction name ="TO_CHAR"/>
		<TimeFormatFunction name ="TO_CHAR"/>
		<DateToStrFunction name = "TO_CHAR"/>
		<StrTodateFunction name = "TO_DATE"/>
		<QueryGenerator name = "edu.wustl.dao.query.generator.OracleQueryGenerator"/>

	</JDBCProperties>