<?xml version="1.0" encoding="UTF-8"?>

<Primitive-Attributes>
    <Primitive-Attribute>
		  <name>String</name>
	  	  <database-datatype>varchar(4000)</database-datatype>
    </Primitive-Attribute>
    
    <Primitive-Attribute>
		  <name>Boolean</name>
	  	  <database-datatype>boolean</database-datatype>
    </Primitive-Attribute>
    
     <Primitive-Attribute>
		  <name>Integer</name>
	  	  <database-datatype>int8</database-datatype>
    </Primitive-Attribute>
    
     <Primitive-Attribute>
		  <name>Long</name>
	  	  <database-datatype>int8</database-datatype>
    </Primitive-Attribute>
    
    <Primitive-Attribute>
		  <name>Double</name>
	  	  <database-datatype>float8</database-datatype>
    </Primitive-Attribute>
    
    <Primitive-Attribute>
		  <name>Float</name>
	  	  <database-datatype>float4</database-datatype>
    </Primitive-Attribute>
    
    <Primitive-Attribute>
		  <name>Short</name>
	  	  <database-datatype>int8</database-datatype>
    </Primitive-Attribute>
    
     <Primitive-Attribute>
		  <name>Date</name>
	  	  <database-datatype>date</database-datatype>
    </Primitive-Attribute>

    <Primitive-Attribute>
		  <name>DateTime</name>
	  	  <database-datatype>date</database-datatype>
    </Primitive-Attribute>

	<Primitive-Attribute>
		  <name>File</name>
	  	  <database-datatype>blob</database-datatype>
    </Primitive-Attribute>
    
    <Primitive-Attribute>
		  <name>Object</name>
	  	  <database-datatype>blob</database-datatype>
    </Primitive-Attribute>    
    
</Primitive-Attributes>
