<?xml version="1.0"?>

<!DOCTYPE hibernate-mapping PUBLIC
    "-//Hibernate/Hibernate Mapping DTD 2.0//EN" 
    "http://hibernate.sourceforge.net/hibernate-mapping-3.0.dtd">

<hibernate-mapping default-lazy="false">
    <class
        name="edu.common.dynamicextensions.domain.databaseproperties.ConstraintKeyProperties"
        table="DYEXTN_CONSTRAINTKEY_PROP"
        dynamic-update="false"
        dynamic-insert="false"
    >

        <id
            name="id"
            column="IDENTIFIER"
            type="long"
            length="30"
            unsaved-value="null"
        >
            <generator class="native">
                <param name="sequence">DYEXTN_CNSTRKEY_PROP_SEQ</param>
            </generator>
        </id>

        <set
            name="tgtForiegnKeyColumnPropertiesCollection"
            table="DYEXTN_COLUMN_PROPERTIES"
            lazy="false"
            inverse="false"
            cascade="all-delete-orphan"
            sort="unsorted"
        >
            <cache 
                usage="read-write" 
             />

              <key
                  column="CNSTR_KEY_PROP_ID"
              />

              <one-to-many
                  class="edu.common.dynamicextensions.domain.databaseproperties.ColumnProperties"
              />
        </set>

        <many-to-one
            name="srcPrimaryKeyAttribute"
            class="edu.common.dynamicextensions.domain.Attribute"
            cascade="save-update"
            outer-join="auto"
            update="true"
            insert="true"
            column="PRIMARY_ATTRIBUTE_ID"
        />

        <!--
            To add non XDoclet property mappings, create a file named
                hibernate-properties-ConstraintKeyProperties.xml
            containing the additional properties and place it in your merge dir.
        -->

    </class>

</hibernate-mapping>
