<?xml version="1.0"?>

<!DOCTYPE hibernate-mapping PUBLIC
    "-//Hibernate/Hibernate Mapping DTD 2.0//EN" 
    "http://hibernate.sourceforge.net/hibernate-mapping-3.0.dtd">

<hibernate-mapping default-lazy="false">
    <class
        name="edu.common.dynamicextensions.domain.databaseproperties.DatabaseProperties"
        table="DYEXTN_DATABASE_PROPERTIES"
        dynamic-update="false"
        dynamic-insert="false"
    >

        <id
            name="id"
            column="IDENTIFIER"
            type="long"
            length="30"
            unsaved-value="null"
        >
            <generator class="native">
                <param name="sequence">DYEXTN_DATABASE_PROPERTIES_SEQ</param>
            </generator>
        </id>

        <property
            name="name"
            type="string"
            update="true"
            insert="true"
            column="NAME"
        />

        <!--
            To add non XDoclet property mappings, create a file named
                hibernate-properties-DatabaseProperties.xml
            containing the additional properties and place it in your merge dir.
        -->

        <joined-subclass
            name="edu.common.dynamicextensions.domain.databaseproperties.TableProperties"
            table="DYEXTN_TABLE_PROPERTIES"
            dynamic-update="false"
            dynamic-insert="false"
        >
        <key
            column="IDENTIFIER"
        />

        </joined-subclass>
        <joined-subclass
            name="edu.common.dynamicextensions.domain.databaseproperties.ColumnProperties"
            table="DYEXTN_COLUMN_PROPERTIES"
            dynamic-update="false"
            dynamic-insert="false"
        >
        <key
            column="IDENTIFIER"
        />

        </joined-subclass>
        <joined-subclass
            name="edu.common.dynamicextensions.domain.databaseproperties.ConstraintProperties"
            table="DYEXTN_CONSTRAINT_PROPERTIES"
            dynamic-update="false"
            dynamic-insert="false"
        >
        <key
            column="IDENTIFIER"
        />

        <set
            name="srcEntityConstraintKeyPropertiesCollection"
            table="DYEXTN_CONSTRAINTKEY_PROP"
            lazy="false"
            inverse="false"
            cascade="all-delete-orphan"
            sort="unsorted"
        >
            <cache 
                usage="read-write" 
             />

              <key
                  column="SRC_CONSTRAINT_KEY_ID"
              />

              <one-to-many
                  class="edu.common.dynamicextensions.domain.databaseproperties.ConstraintKeyProperties"
              />
        </set>

        <set
            name="tgtEntityConstraintKeyPropertiesCollection"
            table="DYEXTN_CONSTRAINTKEY_PROP"
            lazy="false"
            inverse="false"
            cascade="all-delete-orphan"
            sort="unsorted"
        >
            <cache 
                usage="read-write" 
             />

              <key
                  column="TGT_CONSTRAINT_KEY_ID"
              />

              <one-to-many
                  class="edu.common.dynamicextensions.domain.databaseproperties.ConstraintKeyProperties"
              />
        </set>

        <property
            name="constraintName"
            type="string"
            update="true"
            insert="true"
            column="CONSTRAINT_NAME"
        />

        </joined-subclass>

    </class>

</hibernate-mapping>
