<?xml version="1.0" encoding="ISO-8859-1" ?>
<!DOCTYPE struts-config
PUBLIC
"-//Apache Software Foundation//DTD Struts Configuration 1.1//EN"
"http://jakarta.apache.org/struts/dtds/struts-config_1_1.dtd">

<struts-config>
	<form-beans>
		<form-bean name="formDefinitionForm" type="edu.common.dynamicextensions.ui.webui.actionform.FormDefinitionForm"/>
		<form-bean name="controlsForm" type="edu.common.dynamicextensions.ui.webui.actionform.ControlsForm"/>
		<form-bean name="formsIndexForm" type="edu.common.dynamicextensions.ui.webui.actionform.FormsIndexForm" />
		<form-bean name="dataEntryForm" type="edu.common.dynamicextensions.ui.webui.actionform.DataEntryForm" />
		<form-bean name="groupForm" type="edu.common.dynamicextensions.ui.webui.actionform.GroupForm" />
		<form-bean name="recordListForm" type="edu.common.dynamicextensions.ui.webui.actionform.RecordListForm" />
	</form-beans>
	
	<global-forwards>
		<forward name="systemException" path="/de/pages/ForwardToError.jsp" />
	</global-forwards>
	
	<action-mappings>
		
		<!--<action path="/DynamicExtensionHomePage" 
			type="edu.common.dynamicextensions.ui.webui.action.LoadFormsIndexAction"
			name="formsIndexForm"
			validate="false"
			input="/LoadFormsIndexAction.do"
			scope="request">
			<forward name="showDynamicExtensionsHomePage" path="/de/pages/DynamicExtensionHomePage.jsp" />
		</action>-->
		
		<action path="/DisplayContainer" 
			type="edu.common.dynamicextensions.ui.webui.action.DisplayContainerAction"
			name="groupForm"
			validate="false"
			input="/DynamicExtensionHomePage.do"
			scope="request">
			<forward name="showRecordListPage" path="/LoadGroupDefinitionAction.do" />
		</action>
		<action path="/RedirectAction" 
			type="edu.common.dynamicextensions.ui.webui.action.RedirectAction"
			name="groupForm"
			validate="false"
			input="/DynamicExtensionHomePage.do"
			scope="request">
			<forward name="success" path="/DynamicExtensionHomePage.do" />
		</action>
		<action path="/LoadRecordListAction" 
			type="edu.common.dynamicextensions.ui.webui.action.LoadRecordListAction"
			name="recordListForm"
			validate="false"
			input="/DynamicExtensionHomePage.do"
			scope="request">
			<forward name="showRecordListPage" path="/de/pages/RecordList.jsp" />
		</action>
		<action path="/ApplyRecordListAction" 
			type="edu.common.dynamicextensions.ui.webui.action.ApplyEditRecordsAction"
			name="recordListForm"
			validate="false"
			input="/LoadRecordListAction.do"
			scope="request">
			<forward name="success" path="/de/pages/RecordList.jsp" />
		</action>
		<action path="/LoadGroupDefinitionAction" 
			type="edu.common.dynamicextensions.ui.webui.action.LoadGroupDefinitionAction"
			name="groupForm"
			validate="false"
			input="/DynamicExtensionHomePage.do"
			scope="request">
			<forward name="success" path="/de/pages/DefineGroup.jsp" />
		</action>
		<action path="/ApplyGroupDefinitionAction" 
			type="edu.common.dynamicextensions.ui.webui.action.ApplyGroupDefinitionAction"
			name="groupForm"
			validate="true"
			input="/LoadGroupDefinitionAction.do"
			scope="request">
			<forward name="success" path="/LoadFormDefinitionAction.do" />
			<forward name="showDynamicExtensionsHomePage" path="/DynamicExtensionHomePage.do" />
		</action>
		<action path="/ApplyFormsIndexAction"
			type="edu.common.dynamicextensions.ui.webui.action.ApplyFormsIndexAction"
			name="formsIndexForm"
			validate="true"
			input="/DynamicExtensionHomePage.do"
			scope="request">
			<forward name="success" path="/LoadGroupDefinitionAction.do" />
			<forward name="insertData" path="/LoadDataEntryFormAction.do" />
		</action>
		<action path="/LoadFormDefinitionAction" 
		    type="edu.common.dynamicextensions.ui.webui.action.LoadFormDefinitionAction" 
		    name="formDefinitionForm"
			validate="false"
			input="/de/pages/CreateForm.jsp"
			scope="request">
			<forward name="success" path="/de/pages/CreateForm.jsp" />
		</action>
		<action path="/ApplyFormDefinitionAction"
			type="edu.common.dynamicextensions.ui.webui.action.ApplyFormDefinitionAction"
			name="formDefinitionForm"
			validate="true"
			input="/LoadFormDefinitionAction.do"
			scope="request">
			<forward name="success" path="/LoadFormDefinitionAction.do" />
			<forward name="showBuildFormJSP" path="/LoadFormControlsAction.do" />
			<forward name="showDynamicExtensionsHomePage" path="/DynamicExtensionHomePage.do" />
		</action>	
		<action path="/LoadFormControlsAction" 
		    type="edu.common.dynamicextensions.ui.webui.action.LoadFormControlsAction" 
		    name="controlsForm"
			validate="false"
			input="/LoadFormControlsAction.do"
			scope="request">
			<forward name="showBuildFormJSP" path="/de/pages/BuildForm.jsp" />
			<forward name="editSubForm" path="/LoadFormDefinitionAction.do" />
		</action>
		<action path="/SelectControlAction" 
		    type="edu.common.dynamicextensions.ui.webui.action.SelectControlAction" 
		    name="controlsForm"
			validate="false"
			input="/LoadFormControlsAction.do"
			scope="request">
			<forward name="success" path="/de/pages/BuildForm.jsp" />
			<forward name="addSubForm" path="/LoadFormDefinitionAction.do" />
		</action>
		<action path="/AddControlsAction" 
		    type="edu.common.dynamicextensions.ui.webui.action.AddControlsAction" 
		    name="controlsForm"
			validate="true"
			input="/LoadFormControlsAction.do"
			scope="request">
			<forward name="success" path="/LoadFormControlsAction.do" />
			<forward name="loadFormPreviewAction" path="/LoadDataEntryFormAction.do?showFormPreview=true" />
		</action>
		<action path="/ShowPreviewAction" 
		    type="edu.common.dynamicextensions.ui.webui.action.ShowPreviewAction" 
		    name="controlsForm"
			validate="false"
			input="/LoadFormControlsAction.do"
			scope="request">
			<forward name="loadFormPreviewAction" path="/LoadFormPreviewAction.do" />
		</action>
		<action path="/LoadFormPreviewAction" 
		    type="edu.common.dynamicextensions.ui.webui.action.LoadFormPreviewAction" 
		    name="dataEntryForm"
			validate="false"
			input="/LoadFormPreviewAction.do"
			scope="request">
			<forward name="success" path="/de/pages/dataEntry/DataEntryPreview.jsp" />
			<forward name="LoadFormControls" path="/LoadFormControlsAction.do" />
		</action>
		<action path="/ApplyFormPreviewAction" 
		    type="edu.common.dynamicextensions.ui.webui.action.ApplyFormPreviewAction" 
		    name="dataEntryForm"
			validate="false"
			input="/LoadFormPreviewAction.do"
			scope="request">
			<forward name="success" path="/LoadFormPreviewAction.do" />
		</action>
		<action path="/SaveEntityAction" 
		    type="edu.common.dynamicextensions.ui.webui.action.SaveEntityAction" 
		    name="controlsForm"
			validate="false"
			input="/LoadFormControlsAction.do"
			scope="request">
			<forward name="success" path="/DynamicExtensionHomePage.do" />
			<forward name="failure" path="/de/pages/ErrorPage.jsp" />
		</action>
		<action path="/LoadDataEntryFormAction" 
		    type="edu.common.dynamicextensions.ui.webui.action.LoadDataEntryFormAction" 
		    name="dataEntryForm"
			validate="false"
			input="/LoadDataEntryFormAction.do"
			scope="request">
			<forward name="Success" path="/de/pages/dataEntry/dataEntry.jsp" />
			<forward name="LoadFormControls" path="/LoadFormControlsAction.do" />
		</action>
		<action path="/ApplyDataEntryFormAction" 
		    type="edu.common.dynamicextensions.ui.webui.action.ApplyDataEntryFormAction" 
		    name="dataEntryForm"
			validate="false"
			input="/LoadDataEntryFormAction.do"
			scope="request">
			<forward name="success" path="/LoadDataEntryFormAction.do" />
			<forward name="loadChildContainer" path="/LoadDataEntryFormAction.do" />
			<forward name="loadParentContainer" path="/LoadDataEntryFormAction.do" />
			<forward name="showDynamicExtensionsHomePage" path="/DynamicExtensionHomePage.do" />
		</action>
		<action path="/DynamicExtensionsInterfaceAction" 
		    type="edu.common.dynamicextensions.interfaceactions.DynamicExtensionsInterfaceAction" 
		    name="dataEntryForm"
			validate="false"
			input="/LoadDataEntryFormAction.do"
			scope="request">
			<forward name="success" path="/LoadDataEntryFormAction.do?showFormPreview=flase" />
		</action>
		<action path="/AjaxcodeHandlerAction" 
		    type="edu.common.dynamicextensions.ui.webui.action.AjaxcodeHandlerAction" 
		    name="formDefinitionForm"
			validate="false"
			input="/LoadFormDefinitionAction.do"
			scope="request">
			<forward name="success" path="/LoadFormDefinitionAction.do" />
		</action>
		<action path="/UploadFileAction" 
		    type="edu.common.dynamicextensions.ui.webui.action.UploadFileAction" 
		    name="controlsForm"
			validate="false"
			input="/LoadFormDefinitionAction.do"
			scope="request">
			<forward name="success" path="/de/pages/FetchXMLString.jsp"/>
		</action>
		<action path="/DeleteRecordAction" 
			type="edu.common.dynamicextensions.ui.webui.action.DeleteRecordAction"
			name="recordListForm"
			validate="false"
			input="/LoadRecordListAction.do"
			scope="request">
			<forward name="success" path="/LoadRecordListAction.do" />
		</action>
		<action path="/ComboDataAction" 
		type="edu.common.dynamicextensions.util.global.ComboDataAction" 
		name="recordListForm"
		validate="false"
		scope="request">
		<forward name="success" path="/ComboDataAction.do" />
	</action>
		
	</action-mappings>	
	
	
	
	
	<message-resources parameter="ApplicationResources" />
</struts-config>